{
  "wind_u": [
    -30.0,
    30.0
  ],
  "wind_v": [
    -30.0,
    30.0
  ],
  "depth": [
    0.0,
    200.0
  ],
  "veloc_x": [
    -2.0,
    2.0
  ],
  "veloc_y": [
    -2.0,
    2.0
  ],
  "hs": [
    0.0,
    4.6570000648498535
  ],
  "tm": [
    0.0,
    6.2220001220703125
  ]
}